source,phone,review,rating
vw,iphone,"This phone is terrible, horrible and clunky not high tech or worth it. Had it a month, picking up an s10+ to stop my pain. Android or apple??? Definitely android.",1
vw,iphone,"Don't buy it. Screen goes on the fritz. It drops email accounts randomly. Microphone doesn't work. I'm on my 3rd replacement since September. Extremely unhappy with Verizon support on this, too. Customer of 20+years. Horrible.",1
vw,iphone,"Having agonized for months about giving up my trusty iPhone5, I am really glad I made the change. The new phone is easy to operate and the larger screen size makes reading a lot easier.",5
vw,iphone,I'm not the type of person who writes a review about a product after using it for a week unless there is a specific function that I've tested. By the time I've made up my mind it's been 6 months and sometimes writing a review is not worth the trouble. This phone had me convinced after 30 minutes tha,5
vw,iphone,I wanted to NOT believe the hype surrounding this phone and I even went with the iPhone 8 Plus at first because I said I wasn’t interested in the X. I’m glad I was wrong and I’m glad I ended up going back within my 14 days and exchanging for an iPhone X. It ended up being the right choice; this phon,5
vw,iphone,"As a long time Android device owner I was reluctant to switch to an iPhone when there are spectacular phones out there like the Galaxy line, the Pixel 2 devices and many other flagship phones all with their own unique advantages and features. The iPhone X has caught a lot of backlash for its price a",5
vw,iphone,"Ok, so allow.me to start off by saying I am not a dedicated Apple, Samsung or Google fan. I’m a fan of what works elegantly. I really did not know what I would think of the X but once I got it in my hand I immediately knew this device was different. I had a very difficult time deciding between the N",5
vw,iphone,"I just recently purchased my Apple IPhoneX over a week ago, and I am very satisfied with the product! It is the perfect phone for someone who is very tech savvy and isn't afraid of taking time to figure out the new features compared to the previous apple products. I recently had the IPhone 6s, but",5
vw,iphone,I love that it's all screen. I love the Face ID and how it unlocks everything without needing to put password in anymore. I'm actually liking the gestures and it makes it easier to navigate through my phone and tasks. The camera is by far the best camera ever. I'm really loving the Animoji on the,5
vw,iphone,"Overall a really good phone. FaceID works almost flawlessly. The screen is nothing short of amazing. I thought I might struggle a bit with the new gestures and not having a home button, however the new gestures are very easy to pick up on. The phone feels really nice to hold, if you are like me and",5
vw,iphone,Love it great pictures new features Took a few day to get use to not having a home button Having a little trouble getting out of using the horizontal does like to come out of it,5
vw,iphone,X-cellent phone. This phone in person is even better than the reviews! I am extremely glad I got one before Apple did away with them. Clarity is excellent and not having a home button is forgotten about after using the phone for about a half a day. I am still learning the features as I am only u,5
vw,iphone,"When I was looking for a upgrade, I was deciding between two devices, I looked into the X previously, but wasn't sure how I would like it. At the start of July, I chose the X for my upgrade from the 7 plus, and it was well worth it! The X is fast, reliable, the battery life is excellent, and the cam",5
vw,iphone,It is just the right size. So easy to use. Love that you swipe for everything. Love having no hen key. This phone is well made and so comfortable to use.,5
vw,iphone,"I love the new iPhone I love Verizon so it’s a perfect combo, i think that apple is king and Verizon is the right type of cell service for apple, love you guys",5
vw,iphone,I upgraded from the 8 plus to the X. It is the best decision I have ever made except I wish it didn't cost as much. It takes some time to get use to the new features but I really like the Face ID. Apple has stepped up its game and made it more secure.,5
vw,iphone,My favorite feature is the Face ID . I upgraded from iPhone 5c so I made quite a jump . I’m happy with product . Every day I learn something new . One issue is when I go to my work email account I can see emails but I cannot open them . They open on iPad but not iPhone X . Not sure why . Overall I’m,5
vw,iphone,"This phone is great. I've used it for several months and I can honestly say, ""this is the best phone I've ever used."" It fits nice in the hand, the display is great and the photos are almost as good as my DSLR. It's very intuitive and the notch at the top that some complain about, honestly is no",5
vw,iphone,This phone is amazing. The new camera is such a great feature that I have taken so many pics. Plus I’m finding new stuff all the time like things to do with the face recognition,5
vw,iphone,"I upgraded from the 6S Plus and WOW, what a difference! I had to get used to no home button but that doesn't take long to accomplish. The X is so much faster and smoother on the eyes. I love the all screen on this phone! Apple hit the mark with the iPhone X as far as I'm concerned! The facial recogn",5
vw,iphone,"I have used iPhones since the 5. I have liked all of them. When they initially announced the new phones. I only upgraded to the 8 because that was what iPhones always were as far as design. And it always worked well. I didn't get the Plus, because I like to keep the phone in my pocket. So I stuck wi",5
vw,iphone,I have not been this satisfied with a phone for a long time. Getting used to not habing a home button wasnt even that difficult. The only part thats a little aggravating is closing down the apps. If you dont hold down on it long enough before you swipe it just switches screens (i hate having apps op,5
vw,iphone,I love that it's all screen. I love the Face ID and how it unlocks everything without needing to put password in anymore. I'm actually liking the gestures and it makes it easier to navigate through my phone and tasks. The camera is by far the best camera ever. I'm really loving the Animoji on the,5
vw,iphone,"I love the phone. It’s all screen with no button and they still made everything work normally. Only down side is the top middle is not full screen and therefore, it limits the icons up top. Other than that little flaw, I love it. Great job guys.",5
vw,iphone,Omg I’m obsessed with my iPhone X so far!!! Videos are beautiful! Pictures are to die for! And of course the look of it is so estheticly pleasing! Beautiful design!!!,5
vw,iphone,"I read a lot of reviews before I decided to update to the iPhone X, I had a 7+ before. The functionality of this phone is the best Apple has done since the first iPhone 3. Face recognition works great. I fine myself picking up my phone and start using it without even looking at the “lock” at the top",5
vw,iphone,"I'll be honest, for some time now I had conflicting ideas about Apple products of late. I've been using nothing but Apple products since 2005, and felt sore about the battery issues of my iPhone 6 that I've owned for the last several years. Before iPhone 6. Since my iPhone 6 was lagging due to the b",5
vw,iphone,"Was really stuck between the Galaxy S8, Google Pixel 2 and this phone. But now, I'm glad I chose an apple product over anything else. Learning how to go from a Samsung product to an Apple product was and is still challenging after a month of use. But all in all, this is a beautiful phone. I have no",5
vw,iphone,"I LOVE this phone! The size of the screen, the sleekness of the bezel...I love it. I previously had the 7plus, so going to the X was a big difference in handling, but the overall performance is GREAT!",5
vw,iphone,"It took me a little bit to learn the phone simply because I had the iPhone 6s Plus, I love the camera on this phone; it takes phenomenal pictures. The phone is light weight.",5
vw,iphone,The IPhone X is an amazing product. The only downfall is that its charge does not last long enough. The other parts of the product are great and would not trade it for Samsung.,5
vw,iphone,"This phone is the best phone I have ever owned! I had the IPhone 7 plus before this one, and I was nervous about upgrading to the X. I heard a lot of bad things about it and I am glad I upgraded anyway! I had a lot of trouble using the touchprint id on the 7 but the face ID works perfectly! I was al",5
vw,iphone,Previously had the note 8. Coming to the iPhone X felt so natural. Love this phone. Best phone I’ve ever had!! Also got the new Apple Watch to go with my phone.,5
vw,iphone,My granddaughter really like the phone but he does NOT like the fact that you can’t charge your phone and listen to your headphones at the same time She really likes the face recognition but says it sometimes does not work if you don’t look straight at it!,5
vw,iphone,I had a choice between 8 and X. I want with the IPhone X and I’m glad I did!! I love the ease of face recognition!! Love all the features! The camera and video is amazing and so clear and crisp.,5
vw,iphone,This phone took a little bit of adjusting. Without having a home button and getting used to the screen. However once that was accomplished I never looked back. The camera takes wonderful photographs. This phone is easy to use. Very durable. Great memory. Trading in my iPhone 6s for this ph,5
vw,iphone,I upgraded from the iPhone 7 to the iPhone X. I like that you can select a keyboard feature depending on what hand you text with most. I like the picture quality. I do not like The way you have to close out apps. You have to hold on the main screen and then slide up for the apps to appear. Then you,5
vw,iphone,"So, in my experice of always having an Iphone 4s, 5s, 6plus, 6splus and 7plus. I always had two issues the first being that the screen size was too small compaired to other phones on the market until the 6plus came out.. Then my issue swapped over to being now that the phone has a larger screen the",5
vw,iphone,"With a few updates, the facial recognition camera is doing a better job, but still does not recognize a face upside down. The AR capabilities is nice and fun but more for the kids. The biggest reason I bought the X is because of its photographic prowess. It produces what should be labeled as award w",5
vw,iphone,"I just recently purchased my Apple IPhoneX over a week ago, and I am very satisfied with the product! It is the perfect phone for someone who is very tech savvy and isn't afraid of taking time to figure out the new features compared to the previous apple products. I recently had the IPhone 6s, but",5
vw,iphone,"People complain about the fact that its missing the home button/ touch id, they also complain that the Face ID doesn't work! I beg to differ. I do not miss the home button at all I adjusted to the new gestures and no home button within a few hours. Face ID is STUNNING! It works like a charm even wit",5
vw,iphone,"I was skeptical about getting the iPhone X because of the social media rants of how negative the phone was. But I closed my eyes and ordered the X, not only the X but the AirPods purchase through Verizon. I high recommend both. I am a completely happy customer.",5
vw,iphone,"The iPhone X looks very nice, fast and very easy to use. The best phone I had. I like the camera and specially the live featur. The talking emoji is so funny... love it",5
vw,iphone,Seamless restore from back up of previous iPhone 7 Plus and most apps transferred with no problem. A few older apps that I wasn’t using anyhow had to be deleted. Facial recognition from fingerprint ID seems OK so far. Screen colors are more vibrant and screen real estate compared to 7 plus is actual,5
vw,iphone,The only problem I have is I cannot hook this phone up to SYNC in my 2010 Ford Eacape. Frustrated about ...a lot .....GRRRRR !!! This issue needs fixed.,5
vw,iphone,"I have had every iPhone since the iPhone 4 and have become a true believer of “ you get what you pay for “. I had no problem adapting to the unique upscale features of the iPhone X , the facial recognition is sweet and the absence of the home button was extremely easy to become accustomed to. The sc",5
vw,iphone,I am enjoying not having a home button and the uniqueness of the device. I love the HD and the fact that the screen is all glass. The device actually seems smaller.,5
vw,iphone,I really like the phone it is very sleek and the feel in your hand is amazing. In my opinion best looking phone to date. It is a bit expensive though and it being glass you have to keep it in a case. Overall if your eligible to upgrade I’d get it but if you have to buy straight out my not be worth i,5
vw,iphone,The IPhone X has exceeded my expectations of the ANY of the different IPhone versions. The camera and the resolution of every aspect is AWESOME! I would recommend it to anyone.,5
vw,iphone,"I purchased a Samsung Note 8 after having an iPhone 6s Plus and took it back in less than a week and bought the iPhone X. The Note 8 had some cool features, but you pay a price with slower processing, and more steps to complete functions. Apple's speed, easy processes, perfect size, awesome screen",5
vw,iphone,"The phone is brilliant! LOVE the size, the screen, the speed, the functionality. FACE UNLOCK is stellar!!! Truly amazed at what Apple did here. The swipe and gestures make you learn how to move about the phone effortlessly and fast...with no button! LOVE LOVE LOVE !!! Why would you want to pay so mu",5
vw,iphone,"Couple of weeks ago i purchased the iPhone X - 256GB space gray and i love it. Its small in size but the screen is big, sharp and bright. Camera is excellent for photo and video. I have plenty of space to shoot photos and 4K video. Phone is fast and very reliable. The screen is much better than my",5
vw,iphone,"Had android devices for 5 years and out of necessity of needing a new phone (broken) I ended up trying an apple device (4s). It was simple to use but tiny and extremely slow. When I was able, I purchased the flag ship iPhone 6 when it was released. At the time it was a perfect phone. Size, features,",5
vw,iphone,My iPhone X is the best phone I have ever had. Love the speed and my pictures are awesome! Going to get my girlfriend one! I think everyone should get one I love mine,5
vw,iphone,"I am not one who goes running when a new iPhone comes out and I was even skeptical about whether the X was worth the extra $ or if I should just go for an 8 when I was due for an upgrade. I have to say I definitely made the right choice, I got it mainly because of the camera but I love the screen a",5
vw,iphone,Absolutely love my iPhone X! I went from a 6 to the X and it only took me a couple days to get used to no home button and the face recognition. I don't like using phones that have the home button now. I have adjusted well. The camera takes amazing pictures and the overall product design of the iPhon,5
vw,iphone,"Great phone. Much better than my wife’s 7. Battery last better than my 6s, and the screen is perfect. OLED works. The facial recognition doesn’t work when I wear my sunglasses, or in the dark. Could be better there. Overall very satisfied.",5
vw,iphone,Great phone. I was worried at first I would miss the finger print but now I love Face ID. Wish I had of gotten the silver instead of black but just love it so much.,5
vw,iphone,"I upgraded from a 5c and am so glad I did! The facial recognition alone makes this phone awesome. It works not only to unlock the phone, but it works on apps such as my bank as well. The size, the screen clarity, the camera, the speed...I have zero complaints...well, except it would be nice if it",5
vw,iphone,"This phone is amazing! It’s like an iPhone on steroids! Don’t believe those YouTube reviews on how it’s not worth the money! They are just Trying to sell you another phone to make a buck! First, facial recognition is faster than it ever needs to be! Second,The camera sticks out but if you put a",5
vw,iphone,"I bought this phone about three weeks ago and it’s amazing. I had the iPhone 7 Plus and didn’t really feel like I needed an upgrade but went ahead and did it. It’s perfect. I’ve had the 4,5,6, and 7 plus and I can say that this phone is by far the best and easiest to use. I almost went with the",5
vw,iphone,I'm not the type of person who writes a review about a product after using it for a week unless there is a specific function that I've tested. By the time I've made up my mind it's been 6 months and sometimes writing a review is not worth the trouble. This phone had me convinced after 30 minutes tha,5
vw,iphone,"1 month and zero negatives. This is an incredible phone/computer/reader/camera/musicmaker. I am amazed by how great it is and how it works. The lack of home button is not an issue at all. The size and screen size is perfect. Great job, Apple",5
vw,iphone,I’ve had an Apple phone since the iPhone 5. I tried it in my iPhone 7+ to get the new iPhone X. The facial recognition works great! I have yet to have any problem with the phone I like the size and functions of the phone . This is the best iPhone yet !!!,5
vw,iphone,"The iPhone X definitely meets my expectations. It’s certainly a lot smaller than the 8 plus, but if you think about it the bezels are the size difference between the 8 plus and the X. Battery life is awesome, but it is my first day using it so I’ll see how it tapers off with use. Face ID works like",5
vw,iphone,"The iPhone X exceeded my expectations. I was unsure how I felt about loosing the home button, but got used to the new gestures within minutes; I did try to press home a total of 3 times in the first couple days, but now it’s weird to use a home button when using my friends older iPhone models. F",5
vw,iphone,Great phone! The notch is not a problem for me. I’ve always had plus size phones I’m so glad I finally got a phone that doesn’t feel like a laptop...p.s. it’s very obvious most bad reviews are from android lovers I’ll never understand why they hate iPhone so much makes me proud to be an isheep,5
vw,iphone,I wanted to NOT believe the hype surrounding this phone and I even went with the iPhone 8 Plus at first because I said I wasn’t interested in the X. I’m glad I was wrong and I’m glad I ended up going back within my 14 days and exchanging for an iPhone X. It ended up being the right choice; this phon,5
vw,iphone,"I've had mine (256 GB, Space Gray) for 4 days now and while it does take a day to get used to the non-home button swiping and double tapping on the side button Apple Pay, I have found nothing wrong with this phone. I was pleased with the battery life and display of my iPhone 7, but the X is even",5
vw,iphone,"I had the 7plus as my main phone (now it’s my secondary, which I still use) and I originally was skeptical because of the size of the screen, but after a few days of use I actually like this size better for my hands. I have not had a problem at all with Face ID, it works quickly. The only thing that",5
vw,iphone,The screen so crisp and clear can’t stop playing with and the features are awesome including the Animoji and many more and I’m a real customer im no bot and a hater but this is the perfect phone,5
vw,iphone,I just got my iPhone 10 X on Wednesday. I upgraded from an iPhone 5S. In general I don't chase the latest and greatest but I like the idea of a large screen in a smaller form factor so that's why I bought the X. I don't miss the home button at all. The swipe and hold gesture easily allows you to,5
vw,iphone,Very nice phone and kinda easy to use.still learning the buttons and what not on it.face recognize is so awesome! it works with my hat and sunglasses on and even in a almost dark room!!Battery has been real good but I dont live on my phone 24/7.Never dreamed I would have a new phone that just came o,5
vw,iphone,"Phone is quite the haul compared to most phones on the market, but the facial ID works pretty well and the sleek design with swipe gestures is all the rave.",5
vw,iphone,This phone gives you the NEW phone feel. The features they have added and changed really make the experience amazing. I recommend this device to customer who love Apple but want a new experience.,5
vw,iphone,"Love it! Especially love the camera for pics of the grandkids!! The new size is great! Just between the 6 and the 6+.Because you swipe to get between aps, you never have too many aps open.",5
vw,iphone,"Just picking the phone up you can feel its like nothing else,the silver model looks silver and not so much white.its physical size is almost the size of an iphone 6,but the screen is the size of a +Plus. The facial recognition is worth the extra price for it alone,so much easier than fingerprints of",5
vw,iphone,This phone has almost everthing. I like the face id option and its very easy. At first i though i would miss the finger print and after using it i found really easy.This phone really fast and very user friendly interface. Most importent thing is good battery life. Very elegant finish and you feel th,5
vw,iphone,"I have fallen in love with the iPhone all over again. I've had the iPhone X for about a week now and have already grown accustomed to life without the home button. The gestures are amazing, the phone is fast and responsive, battery life is incredible, camera is nearly DSLR status. I am absolutely ob",5
vw,iphone,"The phone is perfect in size, quality and features. The facial recognition technology works flawlessly and is very fast. It was an easy transition to having no home button. The screen is gorgeous.",5
vw,iphone,Face ID is simply brilliant. Works so well that you forget you are using it. The screen is the best I've ever seen. The speed of this device is second to none and the new UI (swiping) makes all other ways to navigate seem archaic. 10/10,5
vw,iphone,This is best iPhone to date. Screen. speed. animoji. size. Getting used to gestures and forgetting the home button took a day. Fastest best camera,5
vw,iphone,"love the new iPhone the face recognition is Fantastic, had the phone for 4 days now, its the best one to date by far, its a little pricey but worth it.",5
vw,iphone,"The iPhone X is the best phone delivered by Apple yet. The Face ID works seamlessly and the intuitiveness of the IOS system is flawless. Battery life is great and the camera takes clear, beautiful pictures. The size is spot on! No need for a plus version with the home button now a thing of the past.",5
vw,iphone,It’s gorgeous! And the camera makes it worth the extra money. Love the screen and just everything about it. The battery came at 75% and lasts all day even when I stayed on it.,5
vw,iphone,"Face ID: It is fast and has worked every time for me, it seems to have gotten even faster the more I use it. Display: Beautifully designed clear display that has vibrant and accurate colors. Performance and Battery Life: The phone is extremely fast and responsive, I have no problem with goin",5
vw,iphone,"This is the fastest iphone to date. It is sleek, responsive and great looking. FaceID lock feature is slick and works well. seamlessly opens and works with out a flaw.",5
vw,iphone,And Apple Does It again !!! It’s Everything I Expected. Not Having The Home Button Doesn’t Bother Me And I LOVE LOVE LOVE My Camera. Top Of The Notch !!!,5
vw,iphone,"Ok, so allow.me to start off by saying I am not a dedicated Apple, Samsung or Google fan. I’m a fan of what works elegantly. I really did not know what I would think of the X but once I got it in my hand I immediately knew this device was different. I had a very difficult time deciding between the N",5
vw,iphone,I was excited to get this phone in the mail! This phone is super fast and has an amazing performance you won't be disappointed. Wish other apps would sync better with newest design but it will get there!,5
vw,iphone,"The X is the future phone from Apple; it may be the most dramatic release ever in the 10 years of iPhone. The phone design is gorgeous especially in the silver color with chrome edges. The OLED screen is amazing, providing industry leading color accuracy, screen brightness, and contrast ratio. The A",5
vw,iphone,"I was able to get it on launch day and I’m extremely happy with it. I have always been a hardcore android user but after being convinced to get my first iPhone, I’m hooked. It’s easy and simple and looks great. Yeah there are some things that I can’t do on this phone like I did on Android, but I rea",5
vw,iphone,"I absolutely love the new iPhone X. From transitioning from and android phone for many many many years. The iPhone X is the easiest and best phone there is to work with. I can't say enough and all the features, The clarity of the pictures, and the ""live"" pictures. The ease of going from page/app to",5
vw,iphone,"As a long time Android device owner I was reluctant to switch to an iPhone when there are spectacular phones out there like the Galaxy line, the Pixel 2 devices and many other flagship phones all with their own unique advantages and features. The iPhone X has caught a lot of backlash for its price a",5
vw,iphone,"I went from a Iphone 7 plus to X, and yes it being small did bite after a bit. Screen looks really nice. Batt last almost all day, just depend on use. home button missing was weird but I got custom to it. The bump at top it bug me a little, but when you only need one hand to unlock your phone or fav",5
vw,iphone,"I’ve been an Android user Since the droid incredible, so at least 9-10 years. I’ve had Notes and everything under the Android Sun. I really like the IPhone X. It works! With Samsung there’s always a gimmick and with Apple I see what others say I’ve been missing. It just works! Oh, and keeps on worki",5
vw,iphone,"I've had my IPhone 5s for 3 years now. That was my first phone ever and it was a very good one. Now after 3 years, I saw the ad for the IPhone X and I was extremely hyped for this. It is truely amazing. I love the new stainless steel borders and the screen is just awesome. I love watching 4k videos",5
vw,iphone,"I pre-ordered this phone on the first day and got it on the first day that it came out. I am impressed at the new design and Face ID, which works really well. Overall, this phone is worth the money and is a very high quality phone.",5
vw,iphone,"This is the best iphone in years. The screen is beautiful and the camera is outstanding, especially the new front facing camera. The entire device feels so premium in your hands, the all glass design with the steel edges make this phone feel so sophisticated. The new features take a moment to get us",5
vw,iphone,"Overall a really good phone. FaceID works almost flawlessly. The screen is nothing short of amazing. I thought I might struggle a bit with the new gestures and not having a home button, however the new gestures are very easy to pick up on. The phone feels really nice to hold, if you are like me and",5
vw,iphone,"Upgraded from the 7 Plus to the 256GB X in Silver . Main advantages= smaller so easier to handle, faster, face ID works flawless, wireless charging working fine, Animoji is cool, better camera, etc... Very happy with the upgrade, 3 days of use and no complaints yet.",5
vw,iphone,"Was able to get one the first day in the morning at my local store. No lines! Have the 256gb model. Been using iphones since the 4 came out. After a small learning curve, i am really enjoying this device. Surprisingly, i don't miss the home button. The screen size in proportion to the overall size o",5
vw,iphone,Smaller than my iPhone 7 plus with a bigger screen. Some apps(Pokemon Go etc...) use a full frame type screen so they are smaller than my plus. OLED display is gorgeous and the colors really pop. I love with the wireless charging!,5
vw,iphone,Wow! I just want to say a couple things. Yes Apple will always own the fact that they don’t build the experience around cool new features or technology but they definitely design the experience FIRST and then decide what technology to achieve the result. THIS phone brings great features to the hands,5
vw,iphone,wow this phone is amazing I got the iPhone x 256gb in space grey I upgraded from my iPhone 7 + everything about this phone is awesome. I was a little worried at first about how well the face id would work but its great its very accurate I wear glasses and when I set the face id up I did not have the,5
vw,iphone,"I’m a hugh Note Fan but my wife and I wanted a Apple Watch so we desided to try out the new iPhone since there was finally a design change lol. So far we Love it, the new features are great!! We didn’t think we would like Face recognition but we’re really impressed with it and love use no it to sign",5
vw,iphone,Very good phone that improves on everything of past iPhone models. Face ID works very wel in all situations. I came from the iPhone 7 which was a very good phone but the X is a major step toward the future.,5
vw,iphone,"The iPhone X is the most radical change to the iPhone formula ever, and despite some concerns, Apple has built a seriously impressive machine. We love its build quality and comfortable design, not to mention its expansive screen and great performance. The makeover here is drastic, though, and it'll",5
vw,iphone,I just got my iPhone X at on 11/3/17 at 10:15 am. I have not seen or experienced a better experience in 10 years of owning iPhone. This is the best iPhone I ever had.,5
vw,iphone,"I love this as the best Iphone yet. I have had all of them and this gives the best features where if you wanted dual camera’s, higher dpi display, longer battery life, etc. you had to get the plus and finally they made a phone the size of the Iphone 8 except all the good upgrades and more from the p",5
vw,iphone,Amazing product but the battery is needing charging often. But i still really like it and verizon i love the unlimited its nice not having to remember that you only have a short number of gb,5
vw,iphone,"Even though I was wary of this phone ( I upgraded from 7+) due to the removal of the home button, I really like it. Face ID has worked great so far and I have only had to enter PIN once. This is in contrast with Touch ID, where it seemed every 5 to 10 unlocks, it wouldn't read my prints. If my finge",5
vw,iphone,Best phone out right now hands down. Didn’t take long at all to get used to the new features and gestures as Apple did a good job implementing them with IOS 11.,5
vw,iphone,"Turn on the iPhone X, and it’s easy to forget almost every other phone released this year. Apple’s following the “bezel-less” smartphone design trend, where the edges around the screen melt away to offer an immersive all-screen experience. Technically, other phones may have slightly smaller bezels,",5
vw,iphone,"This phone just feels fantastic in your hand. For those of us who aren't 9 feet tall with the enormous hands that the PLUS models have required for ease of use: Rejoice! You can easily toggle between apps, text and tweet with the speed of a panther, oh and also talk on the phone. The lack of the",5
vw,iphone,"That is a very great screen effect that apple, choice. NOT only has it inspired hardened affected creative in technology. The choice makes it easer for phone calls and having a great source for hy contrast visuals in your effert. Thanks...the one choice i would like would have chosen clear out of si",5
vw,iphone,I upgraded from the 7 plus and love everything about this iPhone. Easy to adjust with no home button and the IFace is quick easy. And I already don’t even notice the notch.,5
vw,iphone,"This is such a great phone which the best camera in the the phone industry, it takes super sharp photos with great quality. The photos aren’t over saturated and look natural to the eye. Face ID is awesome it’s fast and simply easy to use! Face ID is super reliable and is super accurate. I would reco",5
vw,iphone,This phone meets up to its potential needs it calls it texts and it has a nice camera that can run a 4K with a frame rate of 60 this phone is great i hope you get one to!,4
vw,iphone,"Very nice phone indeed, only thing is if the manufacturer gives a quality accessory like the charging cable and other accessories it will make this a great product to use in the long run.",4
vw,iphone,"Great battery life, I charge every other day. I do not miss the home button. Expensive... but a nice change from iPhone 5. I have more GB and that causes me to overlook the larger size",4
vw,iphone,an expandable memory would be good...a 256 top out...competition offers a 400 expandable memory...it is the only problem i have with purchasing the iphone x....would also like to see more color selection..,4
vw,iphone,I got the 256 GB version of the phone. Its an awesome investment. Before I upgraded my battery life was horrible and I couldn't last a day without having to charge it. With iPhone X I'm able to go about a day and a half with heavy usage without charging it. I also love the photos it takes. Very high,4
vw,iphone,The one thing I would not call the silver silver. It is white if anything. Love the face recognition. Better speakers and camera. Old phone had a battery indicator for my blue tooth device. Can not find it on this phone.,4
vw,iphone,"Had a 6+ that was driving me nuts because of IOS updates slowing down functionality. Moved to X and love not having the home button! Size of phone with new screen works for me. The only negative for me was price point. I looked at Samsung and came close to buying. At this price point, phone should c",4
vw,iphone,"I have always been an Android person, but when the iPhone X was announced, it got my attention. I’m glad it did because I am really loving this phone. It have been fun learning the new iOS gestures and using iMessage with my friends. The camera takes great pictures and has fun features. The battery",4
vw,iphone,"I will start by saying I have been a user of the iPhone since iPhone 4. I have upgraded every year. That said, the X is the best looking iPhone yet by far. It does crush the competition. HOWEVER, I feel APPLE released this phone too early and there aren't many advantages to purchasing this phone ove",4
vw,iphone,"So, this is the first IPhone I have purchased that I didn’t love. I had the 6 Plus before upgrading to this phone and I miss my 6 Plus (I gave it to my son). I heard such amazing things about this phone but the only real amazing thing I like about it is the face recognition. It really works 99% of t",4
vw,iphone,"I Love this phone,though I'm still learning some of the finer things. My one problem with it is that the screen is TOO easily scratched. Within the first week of having my new phone it had a few fine scratches on it already. I am not really rough on cell phones and rarely get any noticeable marks, s",4
vw,iphone,A great smartphone of today that excels in superior build quality and ease of use. The phone is an absolute pleasure to use everyday. Camera is one of the best in the market. The built-in speaker is a great surprise in tonal quality (it has a mild bass to it). Holds the signal relatively well and th,4
vw,iphone,"Had the X for about a week, I loved everything about it except the size of the screen. Yes it's longer but the narrowness I couldn't take. I watch a lot of videos and maybe I just got so use to my 7 Plus, the X viewing pleasure for vids/games was just not there. I had to take it back since it bugged",4
vw,iphone,"I’ve had this phone since launch. The facial recognition is smooth and practically flawless. The camera is great, ie: the portrait modes. the battery life could be better. I barely get 10-12 hours before it’s down to 20% or less. The LED screen is a vast improvement. I enjoy that the phone ringer",4
vw,iphone,"I am a fan of Apple products and so I am not downing it but there isn't a noticeable difference except for Face ID. Touch ID was cool so they just stepped that up. Otheris, I like the 7 Plus. I don't NEED the Home screen but will need to get used to being without it. I also miss seeing what percen",4
vw,iphone,The iPhone X is a good product. its very similar to the iPhone 7 that i had so im not that impressed. its simple to use (dummy proof) and looks very sharp.,4
vw,iphone,"First off the X is a beautiful phone no matter what color you pick. The X is feature rich from the crisp OLED screen to the wonderful camera features. Coming from the plus models - 6+, 6s+ and 7+ - I am very happy with the overall size of the X. New gestures were easy to get used to. Face ID wor",4
vw,iphone,"1. I have to use Google Map. iPhone map takes longer to get to places, distance-wise. 2. I have to use Google Assistant. Siri does not understand me half of the time. 3. It's difficult to save photos from text message. On Motorola, you touch and hold the photo, and you will see Save or Copy optio",3
vw,iphone,"The I phone X is alright, the camera is fire though. The phone has it kinks and I've had to restart 3x now. Deff better than the 6s Plus but like every phone itmalfunctions.",3
vw,iphone,The phone itself has a really nice feel and look to it. Unfortunately the gesture controls makes some of my most used actions take longer. Not to mention I absolutely hate that the only unlock options are facial recognition or pin. Regret giving up my iPhone 7 for this. Will most likely return it in,3
vw,iphone,"If you like the iPhone you wont like the ""X"". The screen is 10% thinner than the plus and the lack of home button is still annoying 3 months into owning this phone. It's not ""bad"" but it is certainly no better than a 'real' iPhone. Also the facial recognition doesn't work if it is dark, keep that in",3
vw,iphone,"I love the size, speed, and camera on this phone. The design is good. I do not like the fact that there is no visible battery percentage on the screen. I also do not like the way you have to close apps, and the big thing that falls short is the face recognition in order to open your phone. I really",3
vw,iphone,"I purchased the X last Tuesday and turned in the 7 plus. The battery life in the 7 plus is twice that of the of the X. Very disappointing since Apple is touting the ""long"" life of the new model. It won't make it through a 24 hour period and I wouldn't consider myself a heavy user. I routinely go",3
vw,iphone,Very small phone. Nice display (aside from the stupid notch). Battery life not great. Lack of home button was awful. I felt like it was extra steps just to close apps. Good camera.,3
vw,iphone,"Awesome phone, truly, I love it. But I have to plug up midday. In the morning I listen to podcast as I get ready, so not doing the most with it and yet still I have to charge up about 4 hours later. Another thing, it does not want to recognize my face at times. I swear I’ll be staring at my phone, n",3
vw,iphone,The phone is too small for my taste. I understand the screen is larger but due to the ratio it hurts my hands to type on it. Returned it for the Note8,3
vw,iphone,"The camera on the first iPhone X I received stopped working on the iPhone camera app but would work with the camera on the facebook app. For some reason on both of the phones I received the buttons for the speaker, keypad, etc. are finicky and I have a lot of trouble getting the speaker setting to w",2
vw,iphone,"In my opinion, this is one of the most over-rated smartphones ever. It has a few nice features like a excellent camera and a large hard drive (I have the 256gb version). That being said there are things that I cannot do on the iPhone X that I could do on my old Motorola phone. I could send future",2
vw,iphone,"I've owned this phone for 4 months now. Was really excited to get the newest iphone and spent days getting used to the swipes, face id, and other features. My overall assessment of the phone: VERY ANNOYING. First off, my wifi and cellular signal are weaker than my wife's iPhone 7+ and we're sitt",2
vw,iphone,"I switched to this phone on a whem, from a Note 8. What a mistake. At first I was okay with the smaller screen because it would fit in my pocket easier. But after the newness wore off, all there was left was sticker shock. I've only had the iPhone X for 3 months and after 2 months, I'm now on my sec",2
vw,iphone,"This phone was very nice and the screen and display and speed are excellent. Where the phone lacks is the software. I’ve had to hard reset the phone 8+ times. My apps either crash, don’t open or cause the phone to restart by itself. Not on some apps but on all including viewing and sending my photos",2
vw,iphone,"I have had iPhones and really fell in love with them since the iPhone 5, but I must say the iPhone X is the worst phone decision I have made. Being an iPhone user it was always great to upgrade and know exactly how to use your phone; this phone has bugs and is such a hassle to use I rather just lea",2
vw,iphone,"In my opinion Apple makes us wait a long time for iPhone X named “meet the future” yeah right, “bigger screen” yeah right, I missed my iPhone 7 Plus....",2
vw,iphone,"I've had iphones since the 4. This is the first time I have ever strongly disliked an iphone. The face recognition is absolutely awful. If you're wearing polarized sunglasses, as I do quite frequently living in California, it won't recognize my face. I have to tap the screen several times for it to",2
vw,iphone,"I've had this phone for a few weeks now. Although they say the screen is larger, it doesn't appear larger, just taller. Watching videos especially on youtube is horrible as the aspect ratio is really odd on this iPhone. It doesn't use the full screen unless you zoom in. At that point, things get cro",2
vw,iphone,"I switched to Apple a couple years back from Android when the 6 came out and was very happy with the software and all of the features it contained. When the X came out I was very excited to see what the next big thing was going to be for Apple. For the first couple days the phone is great, it has so",2
vw,iphone,"Good phone. Nice and smooth surface. But sometimes it is too sensitive to touch and swift to other screen that I did not mean to go. Disappointed to the battery life. I have to remember to bring my charger with me all time. Otherwise, it is out a few hours. The on-off button does not work well. Whe",2
vw,iphone,"I purchased this phone, only to return it 3 days later... I made the mistake of buying it online without seeing it in store. But, I went for it because it’s the “latest, greatest phone” this phone is known for the camera... in my case, the phone took HORRIBLE pictures and I was highly disappointed.",2
vw,iphone,"Overall, it is disappointing. I received the phone yesterday. Its speakers are terrible, making crackling noises when I play music. I am returning it tomorrow. I am quite disappointed. I might go to google pixel 2XL instead.",2
vw,iphone,I love the new design it’s very cool looking. It looks and feels very premium in the hands.. it has some weight too it which is good it’s not cheapely made at all... what I don’t like is they took away the finger scanner and they still don’t use physical buttons or on screen buttons... we now have,2
vw,iphone,"Don't buy it. Screen goes on the fritz. It drops email accounts randomly. Microphone doesn't work. I'm on my 3rd replacement since September. Extremely unhappy with Verizon support on this, too. Customer of 20+years. Horrible.",1
vw,iphone,"This phone is terrible, horrible and clunky not high tech or worth it. Had it a month, picking up an s10+ to stop my pain. Android or apple??? Definitely android.",1
vw,iphone,"Apple iPhone is the most over rated over hyped phone. The camera is way below standard. Samsung was much better. You cannot schedule a text message. The photo gallery is invasive! It categorizes your photos, creates memories and movies , hogs up space and doesn’t allow you to stop these features. A",1
vw,iphone,"i've had my iphone x for less than a year, the phone has been buggy all year, i have did a All Settings Reset as well as All Content and Reset as well. This helped for a little while but the main problem is when the phone freezes up and its pure black, pure white, just the logo and button hard powe",1
vw,iphone,Ive been having this phone for about 3 months and I really hate this phone. it freezes and it doesn't go fast so if you're very impatient then you will not like it. it also overheats so much and I do not recommend getting it. I'm really regretting it and soon going back in store and hope ill be able,1
vw,iphone,"Buttons on the top of the screen don’t work. The operating system glitches. It switches screens from one app to another by itself, and scrolles up in photos or text threads. I am not happy with this phone",1
vw,iphone,The face recognition takes too long and sometimes doesn’t even work. Not having a home key really is annoying. I don’t think the Apple iPhone X is very user-friendly at all,1
vw,iphone,I received my I Phone X from version and the touch screen doesn’t work correctly. After 3 weeks and 4 hour plus long phone calls I still haven’t received a replacement.,1
vw,iphone,Not having a home button is horrible. Not having a fingerprint sensor is even worse. I have to enter a long password at least 10 times a day since it's a work security requirement. Screen freezes and doesn't respond to your touch easily. Oh and switching between open apps is a difficult nightmare. A,1
vw,iphone,"I have had and iPhone X for about three months. In that three months I am on my third phone. I am not a fan of this phone. All of them I have gotten the screen does not work right, they freeze all the time, and the speaker does not work half the time.",1
vw,iphone,"I don't recommend this product at all. I know many that bought the product is and took it right back to store within a week due to it has major flaws and phones keep breaking cuz of faulty Software, anyone who's watched Louis Rossmann repair knows the history of all these products.",1
vw,iphone,"The phone itself is beautiful - great size, lightweight, aesthetically pleasing and modern. The features are also great - takes wonderful pictures (I love portrait mode!!) and I've had no issues with battery life as some of the other reviewers have mentioned. However, the bugs in the software make o",1
